filename,mfcc_mean_1,mfcc_mean_2,mfcc_mean_3,mfcc_mean_4,mfcc_mean_5,mfcc_mean_6,mfcc_mean_7,mfcc_mean_8,mfcc_mean_9,mfcc_mean_10,mfcc_mean_11,mfcc_mean_12,mfcc_mean_13,mfcc_mean_14,mfcc_mean_15,mfcc_mean_16,mfcc_mean_17,mfcc_mean_18,mfcc_mean_19,mfcc_mean_20,mfcc_std_1,mfcc_std_2,mfcc_std_3,mfcc_std_4,mfcc_std_5,mfcc_std_6,mfcc_std_7,mfcc_std_8,mfcc_std_9,mfcc_std_10,mfcc_std_11,mfcc_std_12,mfcc_std_13,mfcc_std_14,mfcc_std_15,mfcc_std_16,mfcc_std_17,mfcc_std_18,mfcc_std_19,mfcc_std_20,mfcc_var_1,mfcc_var_2,mfcc_var_3,mfcc_var_4,mfcc_var_5,mfcc_var_6,mfcc_var_7,mfcc_var_8,mfcc_var_9,mfcc_var_10,mfcc_var_11,mfcc_var_12,mfcc_var_13,mfcc_var_14,mfcc_var_15,mfcc_var_16,mfcc_var_17,mfcc_var_18,mfcc_var_19,mfcc_var_20
Ajab Si_clean.wav,-167.0958,130.97942,5.2080045,40.31706,3.650224,34.728203,-17.624096,15.579361,-7.0198083,3.2290516,-8.665257,6.2906685,-1.6804637,-2.0392666,-1.7399423,-3.15272,2.083842,-2.743498,2.9976816,-3.6475348,82.630905,30.459951,23.043531,19.343582,19.283289,16.281942,16.090942,13.34865,13.141721,13.600473,12.30583,12.888137,11.319917,9.601684,8.909626,9.368445,8.787358,8.779467,8.228719,8.91725,6827.8667,927.8086,531.00433,374.1742,371.8452,265.10162,258.91846,178.18646,172.70483,184.97287,151.43344,166.10406,128.14052,92.19234,79.38143,87.76776,77.21767,77.07903,67.71181,79.517334
All of Me (Official Video)_clean.wav,-223.84607,143.03848,-15.569999,25.780113,-14.619905,6.7667284,-13.699268,-9.935545,-11.858862,-10.487161,-15.740299,-5.8610687,-5.0814004,-9.100915,-6.813944,-10.102158,-4.216745,-4.3342485,-1.7781084,-7.759977,119.587944,54.023067,27.124521,24.72969,22.181551,17.182943,13.055867,11.493499,11.595758,11.176526,11.899287,9.631698,9.698975,9.136561,9.55137,10.27069,8.82026,9.320652,9.970207,9.957606,14301.276,2918.492,735.7396,611.5576,492.02124,295.2535,170.45566,132.10051,134.46162,124.91473,141.59303,92.7696,94.070114,83.47675,91.22866,105.48707,77.79698,86.87455,99.40503,99.153915
Anjaana Anjaani Ki Kahani_clean.wav,-99.23891,138.01161,-18.889744,37.983353,-11.447138,29.188719,-3.112203,17.126152,-1.1622074,10.469762,0.3326765,6.532422,0.7586882,0.50969565,1.1747125,-1.140449,5.067934,-1.3780605,2.0336118,-3.1928344,71.429535,27.173828,15.930903,15.638532,11.997256,12.594733,9.426116,11.918443,10.424446,10.3494005,9.134083,8.822852,8.390483,8.5422125,8.648216,7.2846456,7.0723257,6.6844325,6.958402,7.9016,5102.1787,738.41693,253.79367,244.56366,143.93416,158.6273,88.85167,142.04929,108.66907,107.11009,83.431465,77.84273,70.40021,72.96939,74.79165,53.066063,50.01779,44.681637,48.41936,62.435284
Ben E King - Stand By Me (Audio)_clean.wav,-264.29688,157.94943,-9.234782,26.03337,2.4249249,16.672447,0.64653456,2.905957,3.3005874,4.6638227,0.39474946,-1.5296313,-0.45949572,1.959614,4.3968077,-2.9395952,-2.4863284,0.9919943,3.2506456,-3.7788677,92.11784,34.35512,32.892075,16.523178,20.412542,13.008963,12.267614,11.3152275,9.069063,8.792131,9.970983,8.501714,8.918164,9.154955,8.557309,8.306356,7.4864,7.861811,7.75513,7.938421,8485.697,1180.2743,1081.8885,273.0154,416.6719,169.23311,150.49435,128.03436,82.24791,77.30157,99.420494,72.27913,79.53365,83.813194,73.22755,68.99556,56.046185,61.808075,60.142036,63.018528
Billie Jean_clean.wav,-139.6305,113.17269,-4.809341,55.854168,-10.807729,27.601578,-9.050368,19.529913,-7.2157097,12.413524,-3.8171992,10.875409,-2.968514,0.3479151,1.3061695,-0.27939174,3.5977745,-0.89062893,5.4094644,-1.1934675,103.76828,37.3934,28.660215,19.600273,18.096375,14.318784,16.13256,13.321665,13.200092,10.691291,10.33492,8.884811,7.82936,7.353632,6.8330717,6.864212,7.2444544,7.521805,7.1580825,7.521887,10767.856,1398.2661,821.40796,384.17072,327.47876,205.02756,260.2595,177.46675,174.24243,114.303696,106.81058,78.93988,61.29888,54.075905,46.690872,47.117405,52.48212,56.577545,51.238144,56.57878
Bohemian Rhapsody (live at Wembley Stadium  Saturday 12th July 1986)_clean.wav,-207.87848,142.73894,-30.462667,33.767365,1.9204841,9.999637,-9.105167,6.8201804,1.9917011,-5.1481943,-0.11041112,2.2512474,-2.2559838,-1.3233167,1.4994822,-6.5661235,-3.818952,-1.6996015,-3.336442,-3.6739557,116.46859,39.52976,31.259909,28.501198,21.426336,15.771436,15.781583,14.7471075,10.782237,14.5209465,11.837509,11.407324,10.828583,9.205882,8.618799,8.956488,8.7654295,8.040172,8.454001,8.47244,13564.932,1562.6018,977.1819,812.31824,459.08786,248.73819,249.05836,217.47719,116.25663,210.85788,140.12663,130.12704,117.2582,84.74827,74.2837,80.218666,76.83275,64.644356,71.47014,71.782234
Call Me Maybe_clean.wav,-212.14433,111.12445,-24.526127,39.55044,-7.403968,24.879183,-15.867089,17.45279,-9.526327,10.604082,-3.0465384,3.7884266,-4.2941723,-0.111891575,-0.17623708,-2.688749,1.0939215,-0.18944532,6.4628882,0.61493784,122.78613,42.873154,32.561993,22.664768,18.511395,18.363123,14.940041,16.111895,13.57121,13.798625,11.325941,11.006346,9.474101,10.574453,9.509475,9.070013,9.804029,11.108018,10.211371,10.14934,15076.435,1838.1072,1060.2834,513.6917,342.6717,337.2043,223.20482,259.59317,184.17775,190.40205,128.27695,121.13964,89.75859,111.81907,90.43011,82.26514,96.118996,123.38807,104.2721,103.0091
Come As You Are_clean.wav,-102.97749,139.19342,-36.274567,55.53261,-3.6669095,28.804413,-11.860643,13.980059,-2.8548727,6.4102826,-1.2089099,6.2503295,2.6059513,3.7756107,1.1661639,-9.30018,0.11942634,-2.2949347,0.08786654,-6.4947886,106.865005,32.51993,30.248337,21.940891,14.608924,12.613765,10.786366,9.758784,9.06953,8.057585,8.168372,7.140039,6.8976064,6.551549,6.0599704,6.070944,6.603026,6.5336347,6.2604284,5.755926,11420.129,1057.546,914.96185,481.4027,213.42065,159.10707,116.345695,95.233864,82.25636,64.924675,66.7223,50.98016,47.576977,42.922794,36.723244,36.85636,43.59995,42.68838,39.192963,33.130684
Dont Let Me Down [blank]_clean.wav,-150.35439,160.80045,-26.597645,45.176144,-7.7809763,18.135843,-9.899163,-1.4738913,-0.3169422,-2.1580966,-1.8287598,1.4811741,-0.17754221,-0.76805514,-0.9140097,-4.632936,-0.048087012,-3.1589181,-2.3095548,-4.167493,114.92373,50.379826,27.900192,21.353094,17.658459,13.321561,11.630897,10.870813,8.476011,9.084138,8.017099,7.3379207,7.1839437,7.298503,6.791467,6.326169,6.208439,5.9258313,6.4096527,6.3629904,13207.464,2538.1267,778.4207,455.9546,311.82117,177.46399,135.27776,118.17458,71.84277,82.52156,64.27388,53.845078,51.609047,53.268143,46.124027,40.020412,38.544716,35.115475,41.083645,40.487648
Elvis Presley - Jailhouse Rock (Music Video)_clean.wav,-160.4586,171.49812,-59.27364,52.924126,-10.798997,7.3463683,7.5378776,-3.2828996,11.051126,-9.823739,4.1156044,2.41053,-2.1405454,5.2070794,-1.0667742,-0.20918249,0.82069916,-1.1420656,-1.5150054,-3.932544,67.094574,28.551914,27.851786,20.281275,17.582901,15.208863,10.804412,10.075822,9.09257,9.982895,9.568234,8.126301,7.549859,7.4229107,6.9004993,6.409137,6.5500526,6.5289173,6.8418813,6.9709806,4501.6816,815.21185,775.722,411.3301,309.15842,231.30951,116.73532,101.52218,82.67483,99.658195,91.55111,66.03676,57.00037,55.099606,47.61689,41.077034,42.903187,42.62676,46.81134,48.59457
Etta James - At Last - Lyrics_clean.wav,-252.93765,164.84799,-55.93704,46.149635,10.045284,5.936069,1.7516551,-5.502484,10.991948,-14.373312,3.9420054,6.825504,-6.249806,1.5930728,-5.702541,-1.4636225,-4.693605,-5.062943,1.2000101,-3.132317,70.78638,28.568,30.424252,17.064981,16.098743,10.301015,10.071135,10.39058,10.968722,9.871803,8.845958,7.8005986,8.007799,8.856948,7.885417,8.025086,7.3646116,7.619057,7.4351096,9.036074,5010.711,816.1307,925.6351,291.2136,259.16956,106.11091,101.42774,107.964165,120.31287,97.4525,78.25096,60.849342,64.12484,78.445526,62.179802,64.402016,54.237507,58.050034,55.280853,81.65063
FROZEN  Let It Go Sing-along  Official Disney UK_clean.wav,-268.52756,160.06633,-25.541418,33.436813,-5.0550714,10.927623,-6.254302,6.1925955,-0.2469256,0.3317382,1.1753786,2.9751663,-4.4358745,-3.8252428,-0.29174653,-2.9734693,1.3642076,0.17618413,0.7738304,1.2809088,93.41044,33.41404,25.428432,21.75352,16.239002,15.1761875,12.308921,12.605333,9.298444,12.219374,8.939276,9.179798,8.898409,8.356711,8.333513,8.747111,8.582851,7.9464793,9.222959,8.163024,8725.51,1116.4979,646.6052,473.2156,263.7052,230.31668,151.50954,158.89442,86.46106,149.3131,79.91065,84.26869,79.18169,69.834625,69.44745,76.511955,73.66534,63.14653,85.06297,66.63496
Frank Sinatra My Way With Lyrics_clean.wav,-180.65067,168.58664,-42.825687,56.8837,-3.2485862,11.823636,3.6662123,4.37296,10.428297,-4.104617,6.771161,-7.3240356,6.1435194,0.7855773,-0.37448832,-2.9339893,-5.704089,5.6868987,-3.6019025,2.6193838,90.38406,29.08597,36.405437,19.045933,18.846909,13.65118,9.454294,8.603232,8.493516,8.879792,7.90738,8.384356,7.916118,8.173722,7.5373573,7.120248,7.154596,6.986642,7.2222495,6.5321164,8169.279,845.9936,1325.356,362.74756,355.20593,186.35472,89.38368,74.0156,72.13981,78.85071,62.526657,70.29742,62.664925,66.80974,56.811756,50.69793,51.188244,48.813164,52.16089,42.668545
Gold on the Ceiling_clean.wav,-80.13131,138.97134,-42.97916,51.94881,-8.108544,25.27085,-3.5066924,17.060349,-1.7792407,9.0503025,-3.550968,7.7973113,0.9605259,3.2821949,1.2656802,0.98457557,1.6796055,0.12217978,4.5957074,-3.4588263,86.93885,30.200548,17.098425,21.023067,12.957452,13.689486,9.668279,9.256083,8.304022,11.112975,7.8961387,7.3047323,6.897696,6.873896,6.3953605,6.217829,5.9031434,5.76999,6.728079,5.845209,7558.3643,912.07306,292.35614,441.96933,167.89557,187.40201,93.47561,85.67507,68.95677,123.49822,62.349007,53.359116,47.578213,47.25045,40.90064,38.6614,34.8471,33.29278,45.267044,34.16647
Hakuna Matata_clean.wav,-282.0438,140.57935,-14.790841,33.113,3.814379,16.133741,-4.9294343,5.074945,-3.7845757,1.5422839,-6.1970773,0.6434813,-0.15216486,-1.3436003,-1.0390159,-4.601932,-0.56930244,-2.1383517,-0.973099,-4.0084863,106.107254,37.550056,36.13611,20.58456,19.671188,14.155107,16.789091,12.233099,12.839739,11.365203,11.244272,9.402306,9.026088,8.688626,8.208944,8.596659,8.426594,8.07897,7.7045765,7.795433,11258.75,1410.0068,1305.8184,423.72412,386.95563,200.36705,281.8736,149.64871,164.8589,129.16783,126.43366,88.40336,81.47026,75.492226,67.38677,73.90254,71.00748,65.26976,59.3605,60.76878
Hedwigs Theme_clean.wav,-314.87714,150.42036,-22.092476,2.7543502,-2.7991893,0.052757483,-11.825797,-3.6970162,-6.571306,-5.860862,-3.982685,-3.0139978,-3.0776534,-3.7638881,-1.5782171,-2.2077608,-2.7553208,-0.41614583,0.0041808453,-2.0093,129.32164,50.567,26.899084,27.889175,17.874552,17.197567,12.734421,13.326702,10.947341,12.125918,12.656523,12.328538,11.997293,10.674083,9.870449,9.588744,9.502623,9.431315,8.8781185,8.488093,16724.088,2557.0215,723.5607,777.8061,319.4996,295.7563,162.16548,177.601,119.84428,147.03789,160.18758,151.99286,143.93506,113.93604,97.42576,91.94401,90.299835,88.94971,78.820984,72.04774
Hey Jude [blank]_clean.wav,-121.32295,149.10663,-46.118942,45.904068,-6.422468,24.151163,-8.92393,13.550896,4.867986,-0.9415627,1.6055057,2.8698294,-2.7450867,-1.2196834,2.7943792,-1.785719,-0.60119563,-2.3536804,-1.8500504,-5.517467,112.44302,42.64978,28.17476,19.474573,19.81842,13.767959,9.8090105,10.119038,9.745739,8.149569,7.5908566,7.423088,7.0396676,6.368797,6.5479283,6.3385177,6.26122,6.293696,6.8605375,6.5642543,12643.434,1819.0039,793.8172,379.259,392.7698,189.55669,96.21668,102.39492,94.97942,66.415474,57.6211,55.102238,49.55692,40.561573,42.875366,40.176807,39.202873,39.61061,47.06698,43.08943
Highway to Hell (Official Video)_clean.wav,-100.64036,136.99678,-62.08146,31.72975,-16.226059,25.913673,-20.018019,17.047764,-13.799916,3.5673108,1.9937665,4.5735044,2.642132,1.0999641,4.880413,-3.1520479,4.2566967,-3.603317,5.8641944,-4.3066463,84.519356,39.979015,24.359304,21.502724,15.901888,14.664981,13.094884,11.252651,9.343075,11.323814,9.185467,9.091759,8.572423,8.701772,7.698034,8.124021,8.3329115,7.626292,7.987142,7.6309566,7143.522,1598.3215,593.37573,462.3671,252.87003,215.06168,171.47598,126.62216,87.29305,128.22878,84.372795,82.66007,73.486435,75.720825,59.259724,65.99971,69.437416,58.16033,63.794437,58.231503
I Have Nothing (Official HD Video)_clean.wav,-170.0414,137.16783,-18.390059,24.215708,-12.546155,25.893196,-20.923676,11.483775,0.8008305,-3.1044064,0.5721716,7.0849195,-6.087947,-2.1977549,-0.9175955,-1.1860435,1.0786041,-1.1761012,2.2098198,-0.73827267,89.941795,30.707994,24.774677,17.98866,16.361872,15.500232,13.478479,14.366444,13.323267,14.161722,10.06574,10.173383,9.457785,9.12713,8.92622,10.024821,9.5740385,10.341401,11.087054,9.465273,8089.526,942.9809,613.78467,323.59192,267.71085,240.25719,181.6694,206.3947,177.50945,200.55437,101.31912,103.49771,89.44969,83.30449,79.67741,100.49704,91.66221,106.94458,122.922775,89.591385
I Wanna Dance With Somebody (Official 4K Video)_clean.wav,-133.51572,103.800705,-42.29516,45.22031,-27.863712,20.641941,-16.188908,17.208248,-3.7689521,10.486343,-0.21577671,10.513494,-2.7395835,-1.1933429,-1.4430656,-0.37599868,3.2255692,-0.053680584,3.5670385,-2.3339033,84.82386,26.366129,23.994345,25.89326,15.151208,17.376732,12.94596,15.071547,10.502522,13.078881,9.739745,9.134915,9.73439,9.019882,8.558957,9.11023,9.135969,8.736483,8.416329,8.081463,7195.087,695.1728,575.7286,670.4608,229.55911,301.95084,167.59789,227.1515,110.302986,171.05714,94.86263,83.44667,94.75835,81.35827,73.25575,82.99631,83.465935,76.326126,70.8346,65.310036
I Will Always Love You (Official 4K Video)_clean.wav,-267.05634,139.67445,-13.894503,26.849087,10.325834,11.458722,-11.3267145,3.4977489,2.235905,-9.832149,0.48446804,4.3108683,-5.4977584,-4.9674406,-2.1300676,-2.9343436,-1.3721801,2.5384884,0.76328766,-1.4753548,117.53587,49.62123,30.428066,20.337078,17.459457,12.484669,13.189618,11.941456,11.799892,14.146011,9.426188,11.710182,10.466566,9.433906,8.964492,10.963529,11.807844,11.449686,11.573342,9.748805,13814.682,2462.2666,925.86725,413.59677,304.83267,155.86696,173.96603,142.59836,139.23746,200.10963,88.85303,137.12836,109.549,88.99858,80.362114,120.19896,139.42519,131.0953,133.94225,95.03919
Im Yours (4K Remaster)_clean.wav,-208.36798,144.68588,-1.5343088,39.49036,-1.4879154,14.483735,-9.428789,5.7483883,-0.7195183,-0.13192715,-2.8682473,2.7012806,-1.4269583,0.0027548762,-1.3291507,-6.889048,0.9267963,-3.518539,-3.0634217,-5.0901346,87.44675,37.312523,30.740686,24.022333,20.038946,16.520988,13.948678,12.970647,12.100388,12.63198,10.9105835,10.40827,9.396133,9.098497,9.89238,8.998028,8.170265,8.878659,8.986219,7.8699555,7646.9336,1392.2245,944.9898,577.07245,401.55933,272.94305,194.56561,168.23767,146.41939,159.56691,119.04084,108.33208,88.28732,82.78266,97.85918,80.96451,66.753235,78.83058,80.752144,61.936203
Just the Way You Are_clean.wav,-129.96487,128.9246,-25.283033,47.029552,-20.396235,18.841413,-5.233611,6.9708076,-3.2848697,8.854901,-4.4135385,4.887691,2.1289651,-1.7839097,1.6449279,-1.7784257,4.569814,0.21263161,5.6260285,2.3012235,101.21137,35.21771,21.81759,26.028458,16.575865,15.59368,12.015994,12.793494,11.532673,11.041017,9.928452,7.852088,7.762636,8.00075,7.5729346,7.601783,8.381992,8.062233,7.8728933,8.449999,10243.741,1240.2871,476.00726,677.48065,274.7593,243.16286,144.38411,163.6735,133.00253,121.90404,98.57414,61.655285,60.258522,64.012,57.34934,57.7871,70.2578,64.999596,61.98245,71.40248
Let It Go_clean.wav,-286.38828,153.78812,12.146903,20.568785,13.2123995,25.32341,-6.97668,3.3835526,0.53257424,5.128739,-5.615378,0.121561356,-4.097819,-0.92495185,-0.9267169,-4.0737185,-2.621382,-5.7230396,-4.0019975,-8.735112,85.858734,35.61027,28.192835,24.149668,20.273788,12.449513,13.708769,12.467308,10.937583,11.865993,10.632641,11.792939,9.607887,9.249422,8.825971,9.238545,9.003275,8.29949,9.819376,10.583978,7371.7227,1268.0913,794.83594,583.2065,411.0265,154.99039,187.93034,155.43376,119.63073,140.80177,113.05305,139.07343,92.31149,85.55181,77.89775,85.350716,81.05897,68.88153,96.42014,112.02059
Like a Prayer_clean.wav,-151.20016,133.86392,-38.07872,36.331932,-22.854725,19.136343,-24.71732,14.002716,-12.1001,1.7200277,-7.8123803,4.3714037,-7.113522,1.1473691,-1.4822664,-2.217146,1.4134849,-4.0891247,4.4844956,-0.36779878,87.58369,29.046064,24.700191,16.734987,15.961853,15.612408,14.85416,12.771068,12.001423,14.093522,12.288713,10.940168,9.248437,8.593637,9.098587,8.365594,7.205775,8.53454,8.149885,8.772926,7670.9023,843.6739,610.0995,280.0598,254.78075,243.74727,220.64607,163.10017,144.03415,198.62737,151.01248,119.68729,85.533585,73.8506,82.784294,69.983154,51.92319,72.83838,66.42062,76.96423
Louis Armstrong - What A Wonderful World (Lyrics)_clean.wav,-279.29095,181.0272,-5.3474054,29.386974,-12.583791,21.685646,-12.445156,1.6752098,-0.9002939,-2.2607987,3.510466,-4.4144144,0.80448705,-5.2952785,1.6189151,-5.557147,2.9727995,1.8294665,2.0261135,0.6653766,78.11502,34.72146,22.584715,19.91234,18.275764,16.591145,14.863715,10.9882555,10.580891,9.6636,9.683161,9.921174,8.936337,8.61623,9.988604,9.040005,8.037672,8.60197,8.558998,8.47442,6101.9565,1205.5796,510.0693,396.5013,334.0036,275.26605,220.93004,120.74175,111.95524,93.38517,93.763596,98.42969,79.85813,74.23942,99.772194,81.72169,64.60417,73.99388,73.25645,71.81578
Mamma Mia Video_clean.wav,-109.5806,154.42499,-55.151123,43.2084,-8.584816,16.903223,-11.439928,10.4439125,-3.6285439,0.61084884,4.4707856,-1.8947185,-0.8115516,1.8745674,-1.9691708,-1.2002658,1.0530384,-3.1874888,-0.74153024,-1.5870326,80.78649,31.57213,21.250418,22.134926,19.636583,16.89597,15.216388,13.225789,10.737818,12.90846,10.302344,8.372109,7.844254,7.5054197,7.2507195,7.1690087,7.284945,7.2968917,7.440611,7.3837347,6526.457,996.79944,451.5803,489.95493,385.59537,285.4738,231.53847,174.92151,115.300735,166.62833,106.13829,70.09221,61.532322,56.331326,52.572937,51.394688,53.070423,53.24463,55.362694,54.519535
Mrs Robinson (Audio)_clean.wav,-217.46219,144.38753,-22.431381,56.096954,-3.644754,28.221628,1.7106367,9.021611,1.3647593,-3.4989557,-1.3439792,-5.9658012,-0.16004139,-6.914872,-2.5225997,-9.676935,-2.268793,-6.4023747,-5.651938,-3.8730464,102.319305,34.93099,26.669266,19.435492,20.064457,12.832479,13.084531,9.643284,8.918769,7.2198234,7.0148034,7.4264007,6.4620075,6.956447,6.8974533,6.9331474,6.25582,6.1432595,6.288473,6.3366027,10469.24,1220.1738,711.2497,377.7383,402.58246,164.6725,171.20494,92.99292,79.54443,52.125847,49.20747,55.15143,41.75754,48.39216,47.574863,48.068535,39.13528,37.739635,39.544895,40.15253
Never Gonna Give You Up_clean.wav,-127.90366,130.79556,-48.360954,52.033756,-24.724773,27.097446,-21.618273,11.562427,-8.852847,2.617168,-8.645784,1.2189225,1.1221374,-4.4668145,-1.0059427,-0.62735677,3.0940087,-6.041972,3.4326959,-3.9475136,77.48067,29.13485,20.468838,18.859528,14.642186,13.843611,12.893151,11.552542,11.90323,9.728185,10.574687,8.771498,8.225055,7.8244247,6.971351,7.6180196,6.9124346,7.431706,6.7378874,7.0775456,6003.2534,848.8395,418.9733,355.68176,214.39362,191.64557,166.23335,133.46123,141.68687,94.63758,111.824005,76.93918,67.65153,61.221622,48.599735,58.03422,47.78175,55.23025,45.399128,50.091652
Paint It Black Official Lyric Video_clean.wav,-137.17575,157.67035,-59.353558,53.81433,0.995476,13.707889,3.289346,5.750756,5.450553,1.0733715,3.201713,-2.2979708,4.8230247,1.5117669,1.3215454,-0.55938935,-0.10714854,-0.9004933,-1.2776661,0.6440802,85.31322,33.553333,21.63711,18.607702,15.071077,12.569529,10.2760725,8.54975,7.7340837,7.179113,6.537453,6.4897904,6.838918,6.171698,6.20717,6.5568237,6.6878524,5.8776617,5.7781315,5.9972167,7278.3447,1125.826,468.1645,346.24658,227.13737,157.99304,105.59767,73.098236,59.816048,51.53966,42.738293,42.117382,46.770805,38.089855,38.52896,42.991936,44.72737,34.54691,33.386803,35.966606
Perfect_clean.wav,-117.69074,145.8973,-20.563967,51.69079,2.3412385,19.565613,-7.663912,9.376115,-3.328548,-1.4904883,-0.5047245,4.4194145,-3.8248408,-1.0854106,-1.1638147,-7.4860506,-1.1430732,0.40915325,-1.3190137,-7.045716,98.15549,33.265312,29.81481,22.152603,19.246746,16.917706,13.116329,12.17398,10.591748,11.541431,9.937818,11.825187,8.605501,8.585683,9.03378,9.874222,9.011672,8.290189,8.021665,8.569684,9634.499,1106.581,888.9229,490.73782,370.43723,286.20874,172.0381,148.20578,112.185135,133.20464,98.760216,139.83504,74.05466,73.71395,81.609184,97.50026,81.21023,68.72723,64.3471,73.43949
Radioactive_clean.wav,-241.24292,153.1975,-26.005741,29.296202,-4.4283934,14.274588,-5.142148,6.4534993,1.1324462,5.9211392,-0.94176126,4.164808,2.2342117,2.0105128,3.3958097,1.029258,2.469007,0.5619345,3.0906034,-1.963464,115.98304,47.579487,28.328812,21.488876,16.646288,14.0665,11.051675,12.137545,9.748674,8.802488,8.894318,8.963316,7.8564143,8.312697,7.5387044,6.900855,7.155977,6.6984425,6.217534,6.5757737,13452.065,2263.8076,802.52155,461.77182,277.09888,197.86641,122.13952,147.31999,95.03666,77.483795,79.10888,80.341034,61.723244,69.10094,56.832066,47.6218,51.208,44.86913,38.65773,43.240803
Righteous Brothers - Unchained Melody (High Quality)_clean.wav,-177.34354,166.16348,-41.386227,44.73333,-13.517821,12.941104,5.020946,-6.230204,6.9175196,-2.5371807,1.5447912,-4.397127,-2.8015673,-5.3260303,-4.889812,-1.1162632,-1.3681498,-1.9003772,-1.1863225,-5.001806,80.682144,27.480837,29.95183,17.848156,18.481419,13.089437,9.19269,9.753523,9.805933,11.370954,9.872618,8.882255,9.257554,9.481351,8.884759,7.8401093,7.8866596,7.8947153,7.392948,7.3745995,6509.6084,755.1964,897.1121,318.55664,341.56287,171.33334,84.50555,95.13121,96.15632,129.29858,97.468575,78.89444,85.70231,89.89601,78.938934,61.467316,62.1994,62.32653,54.655685,54.38472
Save the last dance for me - The Drifters_clean.wav,-189.72765,149.51834,-6.746614,24.872272,-13.396768,18.463099,-20.784773,8.094283,-6.159431,2.2347012,-8.739855,1.1098167,-2.4291837,-3.9338956,-3.0561054,-2.0998538,-3.162347,-6.6651497,3.474992,-7.770871,69.8126,31.260662,20.774313,16.020758,16.116014,13.425649,11.582761,12.662207,10.441834,10.160717,10.124496,8.220315,8.680969,8.211809,8.421868,8.669168,7.9163604,7.7201176,7.092695,8.239865,4873.799,977.22894,431.57205,256.6647,259.72592,180.24803,134.16035,160.33147,109.031906,103.24017,102.50543,67.573586,75.35923,67.43381,70.927864,75.15448,62.668762,59.600212,50.306324,67.895386
Scream & Shout_clean.wav,-177.72148,136.95403,-4.079225,37.71332,-7.151612,19.267305,-4.6860533,12.225633,-3.1387365,6.2461915,-1.3350272,3.820383,2.0351038,1.2896173,1.6873221,-1.3075317,3.5118,-3.3828545,1.2215906,-2.9377763,97.262726,37.72225,27.520584,24.323593,19.891062,15.848912,13.817034,13.378851,10.2743635,10.852049,9.508847,10.127773,8.121955,8.092578,8.158895,8.162686,7.3134766,7.0579453,8.064782,7.673935,9460.038,1422.9684,757.38257,591.63715,395.65436,251.18802,190.91043,178.99365,105.56255,117.76697,90.418175,102.57179,65.966156,65.48982,66.56756,66.629456,53.48694,49.81459,65.04071,58.889275
Shape of You_clean.wav,-145.04619,135.76288,-14.228372,36.462425,-4.987016,22.235764,-10.334535,1.9765308,-7.433249,-1.3411093,-8.976064,0.8123731,-0.18956196,0.58936775,2.453023,-2.9072914,-0.658115,-0.25222394,0.46536487,-5.5546546,127.99897,47.797127,28.22029,21.111366,19.735937,16.173262,12.723352,13.375165,11.751808,11.20019,10.010993,10.8604965,8.196248,7.8136935,7.7217646,7.912357,8.107837,7.7134523,7.812497,8.507309,16383.737,2284.5654,796.38477,445.68982,389.5072,261.5744,161.8837,178.89505,138.105,125.444244,100.219986,117.95039,67.17849,61.053806,59.62565,62.605392,65.73702,59.497345,61.035114,72.3743
Singin in the Rain (Full SongDance - 52) - Gene Kelly - Musical Romantic Comedies - 1950s Movies_clean.wav,-325.40973,192.44798,-54.92613,24.883978,11.442939,-26.982063,8.283009,-13.328266,-14.853648,-0.6045633,-13.792694,-4.5148335,-3.949623,-8.924003,-0.045664497,-5.9958014,-5.285955,0.28470698,-5.672949,-2.632134,56.387684,21.807512,24.373484,16.343885,14.710155,9.544264,11.610824,11.938414,8.846136,8.491177,9.437883,8.235136,7.6339087,7.255987,7.6415505,6.819708,6.850475,6.636581,6.273711,6.2778974,3179.571,475.5676,594.0667,267.1226,216.38864,91.092964,134.81122,142.52573,78.25412,72.100075,89.07364,67.81747,58.27656,52.64935,58.393295,46.508415,46.92901,44.04421,39.35945,39.411995
Single Ladies (Put a Ring on It) (Video Version)_clean.wav,-122.9914,111.129456,-44.90221,43.70639,-15.58847,30.293684,-18.914707,27.26952,-7.119712,12.714722,0.4301363,11.190516,0.23182628,5.40299,4.163265,0.3023296,4.6277943,1.9062399,4.746538,-0.20974633,87.66953,25.415768,21.868073,16.864048,16.446571,12.371632,13.368454,11.177049,10.196464,11.32454,11.055598,9.451858,9.013076,8.500213,8.326194,8.985771,8.622501,9.346317,9.230219,9.950494,7685.9473,645.96124,478.21262,284.3961,270.48972,153.05727,178.71556,124.92641,103.96787,128.24521,122.22626,89.337616,81.235535,72.25361,69.3255,80.74408,74.34753,87.35365,85.196945,99.01233
Smells Like Teen Spirit_clean.wav,-89.818665,131.87296,-53.604847,51.848923,-0.40293744,30.681517,-6.846665,18.872103,-8.56554,12.008605,2.5299723,5.4334335,0.72051466,1.2769756,1.3472378,-5.564223,2.7210052,-0.9994233,2.1148465,-7.1592445,92.08034,29.9199,25.713537,19.842955,18.698431,13.4573555,10.140111,10.4049635,9.479454,8.419578,7.466353,7.6588383,7.4650564,6.6669807,6.8344064,6.195299,6.268586,6.4181514,6.3663673,5.882876,8478.788,895.2005,661.18604,393.74286,349.63132,181.10042,102.82185,108.26327,89.86005,70.88929,55.746426,58.657803,55.727066,44.44863,46.70911,38.381733,39.295174,41.19267,40.530632,34.60823
Someone Like You (Official Music Video)_clean.wav,-200.90558,164.60779,-9.445091,16.917976,-11.128139,15.872932,-12.206562,-5.166516,-2.256076,-6.8507175,-3.1443882,-2.1961694,-9.637984,-4.316544,-4.078402,-10.5427475,0.95010155,-1.2645357,-3.8990438,-0.6245799,84.06975,36.226143,31.848047,21.434513,17.296898,13.763902,13.775338,11.002077,10.810505,11.543151,10.426605,9.348901,8.434507,8.281447,8.554893,10.281238,9.12312,8.6608,10.294954,9.445285,7067.722,1312.3334,1014.2981,459.43832,299.1827,189.44499,189.75993,121.04569,116.86701,133.24432,108.7141,87.40194,71.14091,68.58237,73.18618,105.70384,83.23132,75.00945,105.98608,89.21341
Song 2_clean.wav,-119.697136,135.8163,-44.756462,47.73765,-2.165396,23.240538,-15.034927,15.100208,-6.0147843,8.887022,-8.600034,-0.9652969,-1.2818986,0.6824431,-5.8594055,-6.594448,-1.5495156,-4.442644,-1.5337684,-8.680687,121.97744,30.131168,22.03485,17.263655,13.972023,17.440584,13.102589,11.749335,7.748988,10.009311,7.1695323,8.886533,6.299992,8.6526985,6.353417,6.134113,5.6899424,5.2229643,5.6863093,5.475621,14878.496,907.8873,485.5346,298.03378,195.21742,304.17395,171.67784,138.04689,60.046814,100.1863,51.402195,78.97046,39.689903,74.86919,40.365906,37.62734,32.375443,27.279354,32.334114,29.98243
Stay With Me_clean.wav,-197.12459,170.80313,7.4305997,23.550774,0.03162295,16.58992,5.413394,8.745364,3.41107,5.8581405,1.559068,1.4940212,4.127504,0.7401611,3.3713923,2.4449303,1.3108473,1.6738124,5.3380194,-2.27114,101.45721,44.770264,31.388893,24.243505,17.475533,15.89265,11.357578,10.348786,8.906408,10.560587,8.528497,8.892134,8.221566,8.612129,7.8419175,8.480148,8.786971,7.504195,7.6603,9.041304,10293.565,2004.3766,985.2626,587.74756,305.39423,252.57631,128.99458,107.09738,79.32411,111.52599,72.73526,79.070045,67.594154,74.16878,61.49567,71.91292,77.21086,56.312946,58.680195,81.74517
Still DRE_clean.wav,-119.86034,129.39378,-19.736885,30.290354,-17.67152,15.737938,-15.101301,8.160326,-2.109346,11.6067095,2.4559824,9.384045,-0.10005936,-0.61460495,2.0810745,4.0220704,7.5870447,1.8382962,7.0332074,-1.2481959,98.52305,43.834198,22.94796,26.390741,21.89903,18.525148,16.012766,15.018952,14.089092,11.913144,13.303278,10.167128,9.68898,8.526666,8.389188,8.941695,9.239873,8.069689,7.5138984,7.4327803,9706.791,1921.4369,526.6089,696.4712,479.5675,343.18112,256.4087,225.56894,198.50252,141.923,176.9772,103.37049,93.87634,72.70403,70.37847,79.95392,85.37525,65.11987,56.458668,55.24622
Sugar_clean.wav,-120.629684,143.14868,-27.948513,24.649857,-17.119673,10.954929,-12.3463545,7.080429,-5.707219,6.5561543,-2.8440316,3.0061643,-1.9563266,-0.9493979,2.0386498,-1.7401962,-0.88117784,-3.6651664,-0.36071873,-6.506366,103.42471,34.256325,28.8221,27.410938,20.214062,18.296844,12.814092,14.384023,10.081828,10.94514,8.794203,8.597577,7.320977,7.14779,6.980467,7.4753504,6.6582065,6.589623,6.6481457,6.665214,10696.671,1173.4957,830.7134,751.35956,408.6083,334.77454,164.20094,206.9001,101.643265,119.79609,77.338005,73.91833,53.59671,51.0909,48.726917,55.880863,44.33171,43.423134,44.197838,44.42508
Summer of 69_clean.wav,-81.126686,157.79097,-44.178864,36.86002,-10.2477,22.500778,-14.396769,16.45302,-5.956901,9.175746,-0.6243701,7.9851832,1.6799401,-0.977306,1.3839822,-3.737749,0.9561794,-4.861323,-0.89162636,-5.530896,75.83356,29.248827,27.847023,18.579119,19.537241,14.660573,14.044683,11.901563,11.6186905,10.538044,9.5999975,8.45446,7.9608088,8.401307,6.7993193,7.013635,6.4551225,6.343428,7.198211,8.094032,5750.7285,855.49384,775.45667,345.18365,381.70377,214.9324,197.25314,141.6472,134.99397,111.05038,92.15995,71.47789,63.374474,70.58196,46.230743,49.19108,41.668606,40.23908,51.814247,65.51335
Sweet Child O Mine Version 2 Black And White_clean.wav,-197.48325,146.70226,-54.227844,42.416103,-7.255104,16.138014,-13.87957,12.5796795,-9.212985,3.883215,-5.4910426,-2.3004181,0.14306253,-2.147213,-2.6879356,-1.4139637,-5.218159,-6.890377,-0.3480316,-6.258543,103.28077,36.852146,23.735111,15.559335,13.734168,15.129918,11.124157,11.148895,10.138892,10.448859,9.422631,10.59452,7.5640745,6.8897266,7.0562086,6.9958487,7.515539,7.259315,6.795927,7.501174,10666.917,1358.0808,563.35547,242.0929,188.62738,228.91441,123.74687,124.297874,102.79714,109.17866,88.78598,112.24385,57.215225,47.46833,49.79008,48.9419,56.483326,52.697655,46.184628,56.267612
The Animals - Its My Life_clean.wav,-180.74638,189.20795,-30.889849,24.058563,16.288353,0.6279718,2.5406327,-9.335585,-1.0446738,-5.842253,-1.6092409,-2.9917395,-7.6613812,-1.0596176,-2.998798,-1.2154459,-2.7927737,-2.6624196,-3.5714905,-7.030664,83.72254,32.02717,46.26709,19.73366,15.137542,12.145148,9.590794,10.05013,9.894111,8.302503,8.706479,8.403082,8.427371,8.507045,7.5697217,8.436669,6.9709244,7.133421,6.497521,7.2750254,7009.464,1025.7396,2140.6436,389.41733,229.14517,147.50462,91.98333,101.005104,97.89343,68.93155,75.80277,70.611786,71.020584,72.369804,57.30069,71.17738,48.59379,50.885693,42.217777,52.92599
The Beach Boys - Good Vibrations_clean.wav,-202.74567,156.33408,-31.525759,51.810287,-8.0326185,18.311111,5.3606915,-0.17383851,1.2824185,-5.806449,0.6789265,1.317182,3.757594,-3.7033634,1.4767503,-3.2617247,-3.0727808,0.92873424,-2.7898343,-1.0883318,87.70196,33.452557,34.286304,24.42805,17.008944,13.3070545,11.422897,9.471791,8.998172,10.152594,8.380016,8.831569,8.473028,8.618015,8.185979,8.805892,8.570894,7.655966,7.5414324,8.453169,7691.6333,1119.0736,1175.5508,596.72955,289.30417,177.0777,130.48257,89.71482,80.9671,103.075165,70.22468,77.996605,71.792206,74.270195,67.010254,77.54373,73.46023,58.613815,56.873203,71.45606
The Imperial March (Darth Vaders Theme)_clean.wav,-241.00284,162.6121,-25.985598,21.000704,-0.7147705,16.468582,-4.2850614,5.9751277,-2.7726805,1.1561273,-1.8448035,-0.6875479,-3.0625353,-5.1365347,-2.8889935,-4.086672,-3.135549,-3.7493742,-1.1882899,-4.2902207,115.05117,43.099987,30.899715,19.712526,19.135302,13.6349945,13.085988,11.348045,9.997111,8.851328,8.61588,8.453686,8.676228,8.646505,8.088725,7.9161706,7.857212,7.594725,7.387733,7.3003745,13236.771,1857.6089,954.7924,388.58368,366.15976,185.91309,171.24307,128.77814,99.94223,78.34601,74.23339,71.4648,75.27693,74.762054,65.427475,62.665756,61.735783,57.67985,54.5786,53.29547
The Pink Panther Theme Music_clean.wav,-193.46884,131.63031,-0.53502816,39.162582,-0.921864,22.835487,-8.60345,17.508024,1.6401438,0.6023995,2.0530286,0.9852031,-0.16591512,1.5381633,-0.08998007,-3.9191287,1.6369277,-0.44050753,2.0903463,-5.6042843,79.85631,32.687912,34.495396,18.569693,17.846603,14.160585,14.038757,11.584558,12.245375,13.037738,10.141525,8.70704,9.237554,9.824384,7.068284,9.027809,7.870697,8.683114,8.34486,9.041562,6377.03,1068.4995,1189.9323,344.83347,318.50128,200.52217,197.0867,134.20197,149.9492,169.98262,102.85053,75.81254,85.332405,96.51852,49.96064,81.50134,61.947872,75.39647,69.63669,81.74984
Thinking out Loud_clean.wav,-187.24518,139.82314,-3.7506397,38.709614,6.9910984,22.019426,-1.0074195,5.551886,-2.3244114,4.2296515,-2.5991545,3.756088,-0.67769885,-0.450165,0.91126037,-5.557779,-0.60093576,-2.2513072,-0.056821942,-2.7264771,115.015465,45.751026,31.577877,21.052385,22.027802,15.307454,13.308367,10.990213,10.449917,10.122371,10.508159,10.922002,8.345685,7.5251136,7.446513,8.162827,7.5206904,7.8625383,8.226939,9.120095,13228.557,2093.1565,997.16235,443.20294,485.22406,234.31815,177.11263,120.78478,109.20076,102.46238,110.421394,119.290115,69.65046,56.627335,55.45056,66.631744,56.560787,61.81951,67.68253,83.17613
This Is Me (Lyric Video)_clean.wav,-275.702,119.95386,-7.0047927,24.812632,-5.342108,11.62899,0.073347315,10.7899685,0.6378203,2.6055253,2.7887514,6.470127,2.5394697,0.42809683,1.6086508,-1.830505,0.1798143,-0.60109055,1.451353,-0.764995,125.45253,45.256268,27.779766,18.312849,14.304013,14.393088,9.413545,12.179351,7.9047103,9.157035,8.6779785,9.477405,9.059665,9.317794,9.182395,6.5759096,6.70706,6.936868,6.922515,6.8419,15738.337,2048.1296,771.71545,335.36044,204.60478,207.161,88.61483,148.3366,62.484447,83.851295,75.30731,89.821205,82.07752,86.82129,84.31638,43.242584,44.98465,48.12014,47.92121,46.811596
Thriller (Official 4K Video)_clean.wav,-201.95288,138.00618,-31.263083,23.42951,-8.396482,8.12919,-4.3830547,-0.6993222,-3.774555,0.20110162,-2.536505,-3.132606,-1.1894778,-2.87055,-0.11104769,-5.440448,0.9291067,-1.0902432,-0.5663354,-2.7721906,123.48385,48.60901,32.63406,26.17628,23.895887,16.880585,13.982474,12.613679,11.882,10.68682,8.819279,8.954274,8.413185,9.026745,8.200402,7.8645487,7.6424146,7.7005963,6.752602,6.9498696,15248.261,2362.8357,1064.9819,685.1976,571.0134,284.95416,195.50958,159.1049,141.18193,114.208115,77.77968,80.17902,70.78168,81.48212,67.246605,61.851128,58.406498,59.299187,45.597637,48.30069
Viva la Vida_clean.wav,-239.20706,164.69786,-32.79967,34.794617,-0.6810034,16.933771,-5.869185,5.5763702,-6.112773,2.9863718,-5.3446693,1.883492,2.4191449,-2.736786,-0.5315619,-0.69613874,-1.7876618,-2.5127797,1.9470457,-4.5777736,78.5434,29.33186,14.672165,16.487617,14.515861,12.139079,9.518335,10.913728,8.472729,12.845906,11.498321,9.41996,8.287912,7.950437,7.580299,7.350493,7.1513815,6.640241,7.4714737,7.647519,6169.066,860.358,215.27242,271.84155,210.7102,147.35724,90.59872,119.10945,71.787125,165.0173,132.21138,88.73564,68.68949,63.20945,57.46093,54.029743,51.142254,44.0928,55.82292,58.484547
bad guy_clean.wav,-307.80295,125.43083,16.243446,36.504242,15.571158,24.239555,4.8330173,10.00737,1.8294969,5.0680423,4.1516433,3.4058006,3.7084863,1.9242288,1.6117494,4.005211,5.588531,-1.1703225,0.52228284,-0.5737102,99.36645,56.685177,39.178936,31.317421,24.037014,18.279613,16.417925,14.630852,13.896084,12.80358,12.043037,12.976034,10.27473,9.895474,10.655873,8.626851,8.374074,8.686514,7.624232,7.241651,9873.691,3213.2092,1534.9889,980.7809,577.7781,334.1443,269.54825,214.06181,193.10114,163.93166,145.03474,168.37747,105.57007,97.92041,113.547646,74.42256,70.125114,75.45553,58.12891,52.44151
imperial_full_clean.wav,-241.00305,162.6121,-25.985575,21.000618,-0.7147637,16.468445,-4.28516,5.9752026,-2.772817,1.1560656,-1.8449454,-0.68759793,-3.062562,-5.1365647,-2.8889837,-4.086496,-3.135562,-3.749467,-1.1881565,-4.2903504,115.05146,43.099968,30.900091,19.712755,19.135393,13.635145,13.086047,11.348236,9.997108,8.851267,8.615857,8.453717,8.676314,8.646519,8.088811,7.916361,7.8570576,7.594606,7.3875737,7.3004355,13236.839,1857.6073,954.8156,388.59268,366.16324,185.91718,171.24463,128.78247,99.942184,78.344925,74.23299,71.46534,75.278435,74.76228,65.42886,62.668766,61.733353,57.678036,54.57625,53.296356
